{
  "assetsByChunkName": {
    "vendors~app-account~app-confirmation~app-order": "chunk.6bf40e3b2abac0db679c.js",
    "vendors~app-account~app-checkout": "chunk.73ad2425c2026d8e49d9.js",
    "vendors~app-cart~app-checkout": "chunk.877b11e5db5c04d99685.js",
    "admin": [
      "admin.8124ee6ff911efda68d0.js",
      "admin.8124ee6ff911efda68d0.js.map"
    ],
    "app-account": "chunk.55b2eebfe780a426bc80.js",
    "app-checkout": "chunk.dadc4f9dad1f1592836c.js",
    "app-confirmation": "chunk.d96cf18b3c7a30f3cdc2.js",
    "checkout": [
      "checkout.cf8f1307c1770920c201.js",
      "checkout.cf8f1307c1770920c201.js.map"
    ],
    "storefront": [
      "storefront.4675f2d0e23aec9a7bf9.css",
      "storefront.998ff68846f5da1e025a.js",
      "storefront.4675f2d0e23aec9a7bf9.css.map",
      "storefront.998ff68846f5da1e025a.js.map"
    ],
    "vendors~app-cart": "chunk.f173aaebe542fb1c506b.js",
    "vendors~app-order": "chunk.e2e72d05da0b65dd3862.js"
  }
}