{
  "description": {
    "title": "Nutricentershop Suplementos Alimentares Online",
    "text": "A Nutricentershop, empresa joinvilense, iniciou suas atividades em 1998, quando houve um forte aumento na procura por suplementos alimentares. Empresa pioneira na distribuição e comercialização de vitaminas e suplementos alimentares, procura sempre oferecer os melhores produtos para a saúde e boa forma de seus clientes."
  },
  "links_1": {
    "list_pages": true,
    "title": "Páginas",
    "list": []
  },
  "links_2": {
    "list_categories": true,
    "title": "Categorias",
    "list": []
  },
  "contacts": {
    "title": "Contatos",
    "phone_wpp": true,
    "socials": true,
    "email": true,
    "address": true
  },
  "stamps": [
    {
      "src": "/img/uploads/ssl-safe.png",
      "alt": "Secure connection"
    }
  ],
  "payment_methods": {
    "bb": false,
    "visa": true,
    "boleto": true,
    "aura": false,
    "banrisul": false,
    "elo": true,
    "hipercard": true,
    "hsbc": false,
    "bradesco": false,
    "santander": false,
    "mastercard": true,
    "citibank": false,
    "diners": true,
    "mais": false,
    "amex": true,
    "itau": false
  },
  "credits": ""
}