{
  "marketing_stripe": {
    "text": "Frete Grátis para Joinville nas compras acima de R$ 99,90 e Região Sul e Sudeste nas compras acima de R$ 199,90.",
    "link": "",
    "background": "#e61424"
  },
  "contacts_stripe": {
    "pages": [
      {
        "title": "sac@nutricentershop.com.br"
      }
    ],
    "phone_wpp": true,
    "socials": true
  },
  "categories_list": {
    "featured": [
      "/whey-protein-suplemento-em-po-vitaminas-bcaa-amino-acido?WHEY PROTEIN",
      "/creatina/?Creatina",
      "/pre-treino/?Pré-Treino",
      "/massa-muscular/?MASSA MUSCULAR",
      "/vitaminas-minerais/?VITAMINAS & MINERAIS",
      "/emagrecimento/?EMAGRECIMENTO",
      "/acessorios/?ACESSÓRIOS"
    ],
    "random": 0,
    "full_width": true
  },
  "search_input": true,
  "desktop_megamenu": true,
  "alphabetical_order_submenu": false,
  "full_width_submenu": true
}