{
  "meta_title": "Nutricentershop Suplementos Alimentares Online - Joinville",
  "meta_description": "Na Loja Online da Nutricentershop você encontra as Melhores Marcas de Suplementos Alimentares, em até 6x S/ Juros e com Frete Grátis* para Todo Brasil. Joinville/SC.",
  "sections": [
    {
      "type": "banner-slider",
      "autoplay": 9000,
      "full_width": true,
      "slides": [
        {
          "start": "",
          "end": "",
          "img": "/img/uploads/banner-loja-virtual-cupom-de-desconto-nutricentershop.png",
          "link": "https://www.nutricentershop.com.br/creatina",
          "mobile_img": "/img/uploads/banner-loja-virtual-cupom-de-desconto-petshop-moderno-azul-amarelo-480-x-300-px-1-.png"
        }
      ]
    },
    {
      "page": 1,
      "title": "CREATINA EM PROMOÇÃO - NUTRICENTERSHOP",
      "shuffle": false,
      "headless": false,
      "type": "collection-shelf",
      "link": "",
      "limit": 12,
      "collection_id": "61e1cc9f0c7c7272250a7a8f:categories:Creatina:/creatina/",
      "sort": "offers"
    },
    {
      "type": "collection-shelf",
      "shuffle": false,
      "limit": 12,
      "page": 1,
      "collection_id": "62277dee7963422eee35d9c1:categories:WHEY PROTEIN:/whey-protein-suplemento-em-po-vitaminas-bcaa-amino-acido",
      "sort": "news",
      "title": "OS MELHORES WHEY PROTEIN",
      "link": ""
    },
    {
      "type": "info-bar",
      "enabled": true
    },
    {
      "type": "collection-shelf",
      "shuffle": false,
      "limit": 12,
      "page": 1,
      "collection_id": "624c54792e405e04ff237078:categories:PRÉ-TREINO:/pre-treino",
      "sort": "news",
      "title": "OS MELHORES PRÉ-TREINOS",
      "link": "https://www.nutricentershop.com.br/pre-treino/?banner"
    },
    {
      "type": "page-title",
      "title": "Suplementos Alimentares",
      "description": "Nutricenter Shop - Loja de Suplementos Alimentares"
    }
  ]
}