{
  "shipping": {
    "show": true,
    "text": "Receba em até 24 horas para Pedidos de Joinville/SC",
    "link": "https://www.nutricentershop.com.br/pages/entrega"
  },
  "installments": {
    "show": true,
    "text": "Parcele em até 6x sem juros. A vista tem 10% de Desconto",
    "link": "https://www.nutricentershop.com.br/pages/pagamentos"
  },
  "exchange": {
    "show": false,
    "text": "Não gostou? A primeira troca é gratuita"
  },
  "promo": {
    "show": false,
    "text": "",
    "link": ""
  }
}